osmid,y,x,street_count,highway,geometry
2233719,51.5375621,-0.9008461,3,,POINT (-0.9008461 51.5375621)
2233726,51.5375569,-0.9010185,3,traffic_signals,POINT (-0.9010185000000001 51.5375569)
2233776,51.5375441,-0.9045953,4,traffic_signals,POINT (-0.9045953 51.5375441)
2233938,51.5391652,-0.9024529,3,,POINT (-0.9024529 51.5391652)
2234061,51.5363987,-0.9027139,3,,POINT (-0.9027139 51.5363987)
2234080,51.5357321,-0.9023357,3,,POINT (-0.9023357 51.5357321)
2234115,51.5343522,-0.9017902,4,,POINT (-0.9017902 51.5343522)
2234178,51.5416404,-0.9056752,3,,POINT (-0.9056752 51.5416404)
2234196,51.5430957,-0.9081466,3,,POINT (-0.9081466 51.5430957)
2234204,51.5436758,-0.9094629,3,,POINT (-0.9094629 51.5436758)
2234234,51.5449067,-0.9122625,3,,POINT (-0.9122625 51.5449067)
8090760,51.527038,-0.9238456,5,,POINT (-0.9238456 51.527038)
12176460,51.5363429,-0.9038877,3,traffic_signals,POINT (-0.9038877 51.5363429)
12177108,51.5371877,-0.910699,3,,POINT (-0.910699 51.5371877)
12177126,51.5372356,-0.9065701,3,,POINT (-0.9065701 51.5372356)
12177284,51.5374832,-0.9066618,4,,POINT (-0.9066618 51.5374832)
12177338,51.5372827,-0.9060268,4,,POINT (-0.9060268 51.5372827)
12177601,51.5410438,-0.9048992,3,,POINT (-0.9048992 51.5410438)
15420363,51.5260924,-0.8947748,3,,POINT (-0.8947748 51.5260924)
15420364,51.5276323,-0.8959031,3,,POINT (-0.8959031 51.5276323)
15420366,51.5298299,-0.8985465,3,,POINT (-0.8985465 51.5298299)
15420667,51.5292809,-0.8877781,3,,POINT (-0.8877781 51.5292809)
15420671,51.5280562,-0.8937369,3,,POINT (-0.8937368999999999 51.5280562)
15429203,51.5324793,-0.8943649,3,,POINT (-0.8943649 51.5324793)
15429215,51.5355949,-0.8999591,3,,POINT (-0.8999591 51.5355949)
15870054,51.526287,-0.8949719,3,,POINT (-0.8949719 51.526287)
15870061,51.5262439,-0.8946463,3,,POINT (-0.8946463 51.5262439)
15870066,51.5317927,-0.9010646,3,,POINT (-0.9010646 51.5317927)
15870067,51.5302613,-0.8992065,3,,POINT (-0.8992065 51.5302613)
21762886,51.5403664,-0.9186792,3,,POINT (-0.9186792 51.5403664)
21895697,51.5304391,-0.9110697,3,,POINT (-0.9110697 51.5304391)
21896469,51.5319923,-0.9101489,4,,POINT (-0.9101489 51.5319923)
21896637,51.5350305,-0.9067451,4,,POINT (-0.9067451 51.5350305)
29009836,51.5410625,-0.9113661,4,,POINT (-0.9113661 51.5410625)
29009841,51.5412865,-0.9086955,3,,POINT (-0.9086955 51.5412865)
29009842,51.5410395,-0.9083514,3,,POINT (-0.9083514 51.5410395)
29009852,51.5411148,-0.9048584,3,,POINT (-0.9048584 51.5411148)
29729706,51.5372205,-0.9111748,3,,POINT (-0.9111748 51.5372205)
29729930,51.5360458,-0.9102644,3,,POINT (-0.9102644 51.5360458)
29729948,51.5356076,-0.9087904,3,,POINT (-0.9087904 51.5356076)
29729951,51.5350296,-0.9073324,3,,POINT (-0.9073324 51.5350296)
60335854,51.5353097,-0.9092338,3,,POINT (-0.9092338 51.5353097)
60335859,51.533464,-0.9129514,4,,POINT (-0.9129514 51.533464)
60335860,51.5330462,-0.9148907,3,,POINT (-0.9148906999999999 51.5330462)
60335862,51.5326445,-0.916107,3,,POINT (-0.916107 51.5326445)
60335864,51.5324024,-0.9164097,3,,POINT (-0.9164097 51.5324024)
254636090,51.5314959,-0.9007644,3,mini_roundabout,POINT (-0.9007644 51.5314959)
255902668,51.52832,-0.9167641,3,,POINT (-0.9167641 51.52832)
255902868,51.5318741,-0.9011583,3,,POINT (-0.9011583 51.5318741)
255903008,51.5328558,-0.9020121,3,,POINT (-0.9020121 51.5328558)
255914953,51.5291517,-0.9111128,3,,POINT (-0.9111127999999999 51.5291517)
256334240,51.5293318,-0.931867,3,,POINT (-0.931867 51.5293318)
257333878,51.5336336,-0.905104,3,,POINT (-0.905104 51.5336336)
257333989,51.5343422,-0.9059247,3,,POINT (-0.9059247 51.5343422)
257335318,51.5336477,-0.9077561,4,,POINT (-0.9077561 51.5336477)
257335322,51.5323628,-0.9099022,3,,POINT (-0.9099022 51.5323628)
257336166,51.5342291,-0.902644,4,,POINT (-0.902644 51.5342291)
257336972,51.5335676,-0.9050628,3,,POINT (-0.9050627999999999 51.5335676)
257336973,51.5342565,-0.9026574,3,,POINT (-0.9026574000000001 51.5342565)
257337247,51.535832,-0.9052829,3,,POINT (-0.9052829 51.535832)
257338001,51.5381839,-0.9068366,3,,POINT (-0.9068366 51.5381839)
257338064,51.538243,-0.9064049,3,,POINT (-0.9064049 51.538243)
258375467,51.5282065,-0.9165948,3,,POINT (-0.9165948 51.5282065)
258375468,51.5281106,-0.9167475,3,,POINT (-0.9167475 51.5281106)
258375469,51.5282207,-0.9169335,3,,POINT (-0.9169335 51.5282207)
258375470,51.5269047,-0.916758,3,,POINT (-0.916758 51.5269047)
258375474,51.528909,-0.9005525,3,,POINT (-0.9005525 51.528909)
258375475,51.5294906,-0.9005942,3,,POINT (-0.9005942 51.5294906)
258375476,51.5294304,-0.9011115,3,,POINT (-0.9011115 51.5294304)
258375478,51.528118,-0.9043734,3,,POINT (-0.9043734 51.528118)
258375479,51.5301604,-0.9052842,3,,POINT (-0.9052842 51.5301604)
258375480,51.5268543,-0.9038502,3,,POINT (-0.9038502 51.5268543)
271232065,51.5293401,-0.9073482,3,,POINT (-0.9073482 51.5293401)
271232069,51.5269892,-0.906351,4,,POINT (-0.906351 51.5269892)
271232071,51.5289182,-0.9083948,3,,POINT (-0.9083947999999999 51.5289182)
286304196,51.5268765,-0.895391,3,,POINT (-0.895391 51.5268765)
286304199,51.527541,-0.8973208,3,,POINT (-0.8973208 51.527541)
286304200,51.5269436,-0.8970762,3,,POINT (-0.8970762 51.5269436)
286304201,51.5270858,-0.8962809,3,,POINT (-0.8962809 51.5270858)
286304208,51.5267619,-0.897787,3,,POINT (-0.897787 51.5267619)
286304211,51.5262861,-0.8975828,1,,POINT (-0.8975828 51.5262861)
286304212,51.526455,-0.8976745,3,,POINT (-0.8976745 51.526455)
286304214,51.5265069,-0.8966546,1,,POINT (-0.8966546 51.5265069)
286304215,51.5268112,-0.8979651,1,,POINT (-0.8979651 51.5268112)
286304216,51.5273869,-0.8972702,3,,POINT (-0.8972702 51.5273869)
286304219,51.5272662,-0.8979082,1,,POINT (-0.8979082 51.5272662)
286304221,51.5271601,-0.9009823,4,,POINT (-0.9009823 51.5271601)
286304223,51.5268917,-0.9009677,3,,POINT (-0.9009677 51.5268917)
286304224,51.5269592,-0.900168,1,,POINT (-0.900168 51.5269592)
286310020,51.5261374,-0.9058704,1,,POINT (-0.9058704 51.5261374)
286310021,51.5258312,-0.9071996,3,,POINT (-0.9071996 51.5258312)
286310023,51.5261949,-0.9060613,3,,POINT (-0.9060613 51.5261949)
286310027,51.5254765,-0.9078766,3,,POINT (-0.9078766 51.5254765)
286310031,51.5252196,-0.9086461,3,,POINT (-0.9086461 51.5252196)
286310040,51.5253662,-0.9097242,3,,POINT (-0.9097242 51.5253662)
286310041,51.5262207,-0.9058912,3,,POINT (-0.9058912 51.5262207)
286311332,51.5264363,-0.9085665,3,,POINT (-0.9085665000000001 51.5264363)
286311338,51.5266718,-0.9089362,3,,POINT (-0.9089362 51.5266718)
286311344,51.5285455,-0.9093545,3,,POINT (-0.9093545 51.5285455)
286311350,51.5265327,-0.907456,3,,POINT (-0.907456 51.5265327)
286311356,51.5265834,-0.9104418,3,,POINT (-0.9104418 51.5265834)
286315732,51.5266055,-0.909598,4,,POINT (-0.909598 51.5266055)
286315739,51.5285842,-0.912395,3,,POINT (-0.912395 51.5285842)
286315740,51.5285534,-0.9124889,1,,POINT (-0.9124889 51.5285534)
286315744,51.5289556,-0.9124196,1,,POINT (-0.9124196 51.5289556)
287411023,51.5291081,-0.9018399,4,,POINT (-0.9018399 51.5291081)
287411045,51.5279555,-0.9027539,3,,POINT (-0.9027539 51.5279555)
287411049,51.5283533,-0.9034644,3,,POINT (-0.9034643999999999 51.5283533)
287411050,51.5280195,-0.9018864,3,,POINT (-0.9018864 51.5280195)
287411052,51.527604,-0.902979,1,,POINT (-0.902979 51.527604)
287411053,51.5277261,-0.9029041,3,,POINT (-0.9029041 51.5277261)
287411054,51.5276403,-0.9024187,1,,POINT (-0.9024187 51.5276403)
287554709,51.5299039,-0.9027812,3,,POINT (-0.9027812 51.5299039)
287554711,51.5300908,-0.9030387,3,,POINT (-0.9030387 51.5300908)
287554714,51.5308304,-0.9036257,4,,POINT (-0.9036257 51.5308304)
287554717,51.5313394,-0.9040259,3,,POINT (-0.9040259 51.5313394)
287554719,51.5318667,-0.9043435,4,,POINT (-0.9043435 51.5318667)
287554723,51.5329353,-0.904701,3,,POINT (-0.904701 51.5329353)
287554724,51.5337488,-0.9024534,3,,POINT (-0.9024534 51.5337488)
287554725,51.5308324,-0.900685,3,,POINT (-0.900685 51.5308324)
287554726,51.5298886,-0.9034227,3,,POINT (-0.9034227 51.5298886)
287554730,51.529703,-0.9039041,3,,POINT (-0.9039041 51.529703)
287554740,51.5299199,-0.9041569,1,,POINT (-0.9041569 51.5299199)
287554741,51.5298772,-0.9040883,3,,POINT (-0.9040883 51.5298772)
287554743,51.529922,-0.9040161,1,,POINT (-0.9040161 51.529922)
287554745,51.5292678,-0.9037165,3,,POINT (-0.9037165 51.5292678)
287554746,51.5291529,-0.903713,1,,POINT (-0.903713 51.5291529)
287589794,51.5317056,-0.9015617,4,,POINT (-0.9015617 51.5317056)
287589795,51.5319952,-0.9018742,1,,POINT (-0.9018742 51.5319952)
287589811,51.531305,-0.901115,1,,POINT (-0.901115 51.531305)
287589813,51.5325208,-0.9017325,3,,POINT (-0.9017325 51.5325208)
287589814,51.5325794,-0.9015332,3,,POINT (-0.9015332 51.5325794)
287589826,51.5333981,-0.8997397,1,,POINT (-0.8997397 51.5333981)
287589829,51.533018,-0.9021011,3,,POINT (-0.9021011 51.533018)
287589834,51.5332277,-0.9005603,3,,POINT (-0.9005603 51.5332277)
287589835,51.5331275,-0.9019054,3,,POINT (-0.9019054 51.5331275)
287591826,51.5309806,-0.9001639,3,,POINT (-0.9001639 51.5309806)
287591830,51.5310765,-0.8991752,1,,POINT (-0.8991752 51.5310765)
287594621,51.5313059,-0.9005523,3,,POINT (-0.9005523 51.5313059)
287594623,51.5319863,-0.8989295,3,,POINT (-0.8989295 51.5319863)
287594625,51.5321131,-0.9001634,3,,POINT (-0.9001633999999999 51.5321131)
287594630,51.5316659,-0.8996376,4,,POINT (-0.8996376 51.5316659)
287594633,51.5314542,-0.8993844,1,,POINT (-0.8993844 51.5314542)
287594635,51.5324401,-0.8993801,3,,POINT (-0.8993801 51.5324401)
287594637,51.531779,-0.8986391,1,,POINT (-0.8986391 51.531779)
287628215,51.5297133,-0.9005991,3,,POINT (-0.9005991 51.5297133)
287628216,51.532408,-0.9016359,3,,POINT (-0.9016359 51.532408)
287628218,51.531475,-0.9037231,3,,POINT (-0.9037231 51.531475)
287628221,51.5311699,-0.902829,3,,POINT (-0.902829 51.5311699)
287628223,51.5305611,-0.9042707,4,,POINT (-0.9042707 51.5305611)
287628224,51.5312988,-0.9039946,3,,POINT (-0.9039946 51.5312988)
287628228,51.5292776,-0.9048714,3,,POINT (-0.9048714 51.5292776)
287692348,51.5353514,-0.9061307,3,,POINT (-0.9061307 51.5353514)
287692358,51.5345577,-0.9054115,1,,POINT (-0.9054115 51.5345577)
287692368,51.5345215,-0.9042673,1,,POINT (-0.9042673 51.5345215)
287692369,51.5335689,-0.902952,3,,POINT (-0.902952 51.5335689)
287692372,51.5339909,-0.9032842,1,,POINT (-0.9032842 51.5339909)
287692374,51.5329586,-0.9046364,3,,POINT (-0.9046364 51.5329586)
287692378,51.5334981,-0.904515,1,,POINT (-0.904515 51.5334981)
287732414,51.5314907,-0.9198624,3,,POINT (-0.9198624 51.5314907)
287732416,51.5295872,-0.9226269,3,,POINT (-0.9226269 51.5295872)
287732417,51.5324088,-0.9161691,3,,POINT (-0.9161691 51.5324088)
287732418,51.5325218,-0.9164088,3,,POINT (-0.9164088 51.5325218)
287732419,51.5312595,-0.920799,3,,POINT (-0.920799 51.5312595)
287732422,51.5304812,-0.9216673,3,,POINT (-0.9216673 51.5304812)
287732425,51.5304004,-0.9203939,1,,POINT (-0.9203939 51.5304004)
287732427,51.5300973,-0.9220807,3,,POINT (-0.9220807 51.5300973)
287732429,51.5299679,-0.9217638,3,,POINT (-0.9217638 51.5299679)
287732433,51.5301975,-0.9212353,1,,POINT (-0.9212353 51.5301975)
287732434,51.5298236,-0.9218038,1,,POINT (-0.9218038 51.5298236)
287732435,51.5302466,-0.9243787,3,,POINT (-0.9243787 51.5302466)
287732436,51.5306594,-0.9239893,3,,POINT (-0.9239893 51.5306594)
287732441,51.5310825,-0.9243224,1,,POINT (-0.9243224 51.5310825)
287732448,51.5313751,-0.9207669,3,,POINT (-0.9207669000000001 51.5313751)
287732463,51.5310547,-0.9189446,1,,POINT (-0.9189446 51.5310547)
287736836,51.532612,-0.9167203,4,,POINT (-0.9167203 51.532612)
287736850,51.533914,-0.9155626,5,,POINT (-0.9155626 51.533914)
287736860,51.5334427,-0.915171,3,,POINT (-0.915171 51.5334427)
287736880,51.5331906,-0.915468,3,,POINT (-0.9154679999999999 51.5331906)
287736887,51.5330953,-0.9161207,1,,POINT (-0.9161207 51.5330953)
287736894,51.5334,-0.9153642,3,,POINT (-0.9153642 51.5334)
287736898,51.533587,-0.9155165,1,,POINT (-0.9155165 51.533587)
287739617,51.5331577,-0.9154334,1,,POINT (-0.9154334 51.5331577)
287739620,51.5332609,-0.913894,3,,POINT (-0.913894 51.5332609)
287739666,51.5337798,-0.9146932,3,,POINT (-0.9146932 51.5337798)
287739669,51.5335889,-0.9152844,3,,POINT (-0.9152844 51.5335889)
287739670,51.5338529,-0.9146954,1,,POINT (-0.9146954 51.5338529)
287830310,51.5319053,-0.9104455,1,,POINT (-0.9104455 51.5319053)
287830336,51.5316002,-0.9109358,3,,POINT (-0.9109358 51.5316002)
287830337,51.531769,-0.9107681,1,,POINT (-0.9107681 51.531769)
287830343,51.5325047,-0.9098012,3,,POINT (-0.9098012 51.5325047)
287945327,51.5336208,-0.9089331,4,,POINT (-0.9089331 51.5336208)
287945331,51.5342058,-0.9094246,3,,POINT (-0.9094246 51.5342058)
287945337,51.5323969,-0.9151221,3,,POINT (-0.9151221 51.5323969)
287945341,51.5332091,-0.9123305,1,,POINT (-0.9123305 51.5332091)
287950957,51.5343913,-0.9129924,3,,POINT (-0.9129924 51.5343913)
287950959,51.5346791,-0.9130406,3,,POINT (-0.9130406 51.5346791)
287950960,51.5347247,-0.9128897,1,,POINT (-0.9128897 51.5347247)
287950961,51.5347016,-0.912412,1,,POINT (-0.912412 51.5347016)
287950963,51.5346569,-0.912507,3,,POINT (-0.912507 51.5346569)
287950987,51.5340175,-0.9135023,3,,POINT (-0.9135023 51.5340175)
287951018,51.5342276,-0.913852,3,,POINT (-0.913852 51.5342276)
287951025,51.5342673,-0.9137502,1,,POINT (-0.9137502 51.5342673)
287951026,51.5341912,-0.9139455,1,,POINT (-0.9139455 51.5341912)
287951036,51.5344638,-0.9111148,3,,POINT (-0.9111148 51.5344638)
287951039,51.534154,-0.9115586,3,,POINT (-0.9115586 51.534154)
287951041,51.5338051,-0.9112611,4,,POINT (-0.9112611 51.5338051)
287951042,51.5337516,-0.911237,1,,POINT (-0.911237 51.5337516)
287951043,51.5346002,-0.9109191,3,,POINT (-0.9109191 51.5346002)
287951045,51.533973,-0.9104582,3,,POINT (-0.9104582 51.533973)
287951046,51.5340546,-0.9105044,3,,POINT (-0.9105044 51.5340546)
287951047,51.5340302,-0.9106043,1,,POINT (-0.9106043 51.5340302)
287951048,51.534948,-0.9103329,3,,POINT (-0.9103329 51.534948)
287951049,51.5348148,-0.9102203,1,,POINT (-0.9102203 51.5348148)
287951051,51.5351215,-0.9090941,3,,POINT (-0.9090941 51.5351215)
287951052,51.5351243,-0.9089808,1,,POINT (-0.9089808 51.5351243)
287951053,51.5350883,-0.9091518,1,,POINT (-0.9091518 51.5350883)
287954893,51.5291738,-0.9048274,3,,POINT (-0.9048273999999999 51.5291738)
287954896,51.5281323,-0.9056232,3,,POINT (-0.9056232 51.5281323)
287954897,51.52641,-0.9048091,3,,POINT (-0.9048091 51.52641)
287954898,51.5288039,-0.9052158,3,,POINT (-0.9052158 51.5288039)
287954900,51.5290306,-0.9061545,1,,POINT (-0.9061545 51.5290306)
287960969,51.5259551,-0.9069534,3,,POINT (-0.9069534 51.5259551)
287962598,51.5272778,-0.9009381,3,,POINT (-0.9009381 51.5272778)
287964982,51.52954,-0.9012083,3,,POINT (-0.9012083 51.52954)
292014428,51.5364843,-0.9126763,3,,POINT (-0.9126763 51.5364843)
292014430,51.5374033,-0.9122911,3,,POINT (-0.9122911 51.5374033)
292014639,51.5368003,-0.9126688,3,,POINT (-0.9126687999999999 51.5368003)
292014685,51.5375163,-0.9128987,1,,POINT (-0.9128987 51.5375163)
292014688,51.5366545,-0.912907,3,,POINT (-0.912907 51.5366545)
292014827,51.5365581,-0.9111723,3,,POINT (-0.9111723 51.5365581)
292015137,51.5365232,-0.9116199,3,,POINT (-0.9116199 51.5365232)
292015145,51.5368751,-0.9116064,1,,POINT (-0.9116064 51.5368751)
292015333,51.5364531,-0.911087,3,,POINT (-0.911087 51.5364531)
292015416,51.5357085,-0.9142103,3,,POINT (-0.9142103 51.5357085)
292015418,51.5355025,-0.9134941,3,,POINT (-0.9134941 51.5355025)
292016348,51.5355297,-0.9121583,3,,POINT (-0.9121583 51.5355297)
292026106,51.5373125,-0.9106978,3,,POINT (-0.9106978 51.5373125)
292874534,51.5363585,-0.9109251,3,,POINT (-0.9109251 51.5363585)
292874544,51.5367368,-0.9093503,1,,POINT (-0.9093502999999999 51.5367368)
292874587,51.53654,-0.9101979,3,,POINT (-0.9101979 51.53654)
292874605,51.5365262,-0.9096067,3,,POINT (-0.9096067 51.5365262)
292875584,51.5265009,-0.8935784,3,,POINT (-0.8935784 51.5265009)
292876251,51.5379129,-0.9130674,3,,POINT (-0.9130674 51.5379129)
292903484,51.538865,-0.9070107,3,,POINT (-0.9070106999999999 51.538865)
292903527,51.538815,-0.9081316,2,,POINT (-0.9081316 51.538815)
292903577,51.5395166,-0.9071886,3,,POINT (-0.9071886 51.5395166)
292903632,51.5394505,-0.9080912,2,,POINT (-0.9080912 51.5394505)
292904205,51.5382845,-0.9076933,1,,POINT (-0.9076933 51.5382845)
292904313,51.5382866,-0.9068563,3,,POINT (-0.9068562999999999 51.5382866)
292905335,51.5365681,-0.9099556,3,,POINT (-0.9099556 51.5365681)
292905389,51.5369173,-0.9102948,1,,POINT (-0.9102948 51.5369173)
364448732,51.5318292,-0.9080066,1,,POINT (-0.9080066 51.5318292)
373555734,51.5375558,-0.901072,3,,POINT (-0.901072 51.5375558)
390829048,51.5390955,-0.9059915,4,crossing,POINT (-0.9059914999999999 51.5390955)
390829204,51.5397025,-0.9066621,3,,POINT (-0.9066621 51.5397025)
390829205,51.5395077,-0.9061926,3,,POINT (-0.9061926 51.5395077)
390829207,51.5382873,-0.9063221,3,,POINT (-0.9063221 51.5382873)
409189341,51.5283424,-0.9187092,3,,POINT (-0.9187092 51.5283424)
409189342,51.5275739,-0.9187104,3,,POINT (-0.9187104 51.5275739)
409189343,51.5275649,-0.9181822,3,,POINT (-0.9181821999999999 51.5275649)
409189344,51.5275302,-0.9181818,1,,POINT (-0.9181818 51.5275302)
409189345,51.5275762,-0.9192393,3,,POINT (-0.9192393 51.5275762)
409189346,51.5276029,-0.9192382,1,,POINT (-0.9192382 51.5276029)
409189347,51.5275485,-0.9192403,1,,POINT (-0.9192403 51.5275485)
409189348,51.5275972,-0.9181822,1,,POINT (-0.9181821999999999 51.5275972)
409189356,51.5275251,-0.9212188,3,,POINT (-0.9212188 51.5275251)
409189359,51.5268476,-0.9207967,3,,POINT (-0.9207967 51.5268476)
409189362,51.527539,-0.9202032,3,,POINT (-0.9202032 51.527539)
409189363,51.5276309,-0.9201988,1,,POINT (-0.9201988 51.5276309)
409189364,51.5275022,-0.9202025,1,,POINT (-0.9202025 51.5275022)
411276660,51.5267068,-0.9214951,3,,POINT (-0.9214951 51.5267068)
411276661,51.5266508,-0.9214736,1,,POINT (-0.9214736 51.5266508)
411276662,51.5267556,-0.9215119,1,,POINT (-0.9215119000000001 51.5267556)
411276663,51.5266764,-0.9214838,3,,POINT (-0.9214838 51.5266764)
411276665,51.5263351,-0.9221257,3,,POINT (-0.9221257 51.5263351)
411276666,51.5263074,-0.9222218,4,,POINT (-0.9222218 51.5263074)
411276670,51.5256937,-0.9233759,3,,POINT (-0.9233759 51.5256937)
411276674,51.5284674,-0.9222775,3,,POINT (-0.9222775 51.5284674)
411283593,51.5293674,-0.9198422,3,,POINT (-0.9198422000000001 51.5293674)
411283595,51.5296658,-0.9195324,1,,POINT (-0.9195324 51.5296658)
411283596,51.5292608,-0.9176613,3,,POINT (-0.9176613 51.5292608)
411283597,51.5296587,-0.917557,3,,POINT (-0.917557 51.5296587)
411283600,51.5300964,-0.9182098,3,,POINT (-0.9182098 51.5300964)
411283601,51.5302673,-0.9182938,1,,POINT (-0.9182938 51.5302673)
411283604,51.5297265,-0.9185038,1,,POINT (-0.9185038 51.5297265)
411283607,51.5300509,-0.9183661,1,,POINT (-0.9183661 51.5300509)
411285446,51.5277163,-0.9138352,3,,POINT (-0.9138352 51.5277163)
411285448,51.52847,-0.9140204,3,,POINT (-0.9140204 51.52847)
411285451,51.5284809,-0.9152021,1,,POINT (-0.9152021 51.5284809)
411285454,51.5285894,-0.9136618,3,,POINT (-0.9136618 51.5285894)
411285455,51.5286501,-0.913628,1,,POINT (-0.913628 51.5286501)
411285456,51.5285199,-0.9136182,1,,POINT (-0.9136182 51.5285199)
411288900,51.5263012,-0.9109076,3,,POINT (-0.9109076 51.5263012)
411288904,51.5271749,-0.9107387,3,,POINT (-0.9107387 51.5271749)
411288907,51.5278858,-0.9111518,3,,POINT (-0.9111518 51.5278858)
411288911,51.5259045,-0.9102157,3,,POINT (-0.9102157 51.5259045)
411288912,51.5259973,-0.9102291,1,,POINT (-0.9102291 51.5259973)
411288914,51.5258684,-0.9102121,1,,POINT (-0.9102121 51.5258684)
411318118,51.5266442,-0.9124944,3,,POINT (-0.9124944 51.5266442)
411318119,51.528333,-0.9098804,3,,POINT (-0.9098804 51.528333)
411318120,51.528988,-0.9108723,3,,POINT (-0.9108723 51.528988)
411318122,51.5298089,-0.9118487,3,,POINT (-0.9118487 51.5298089)
411318123,51.5313039,-0.9123726,3,,POINT (-0.9123726 51.5313039)
411318124,51.5315154,-0.9113674,4,,POINT (-0.9113674 51.5315154)
411318125,51.5323762,-0.9117777,3,,POINT (-0.9117777 51.5323762)
411318126,51.5323471,-0.9118963,1,,POINT (-0.9118963 51.5323471)
411318127,51.5323844,-0.9117442,1,,POINT (-0.9117442 51.5323844)
411318131,51.5300213,-0.9126605,3,,POINT (-0.9126605 51.5300213)
411318132,51.5296758,-0.9124918,3,,POINT (-0.9124918 51.5296758)
411318136,51.5304451,-0.9131243,3,,POINT (-0.9131243 51.5304451)
411318137,51.5307897,-0.9133222,1,,POINT (-0.9133222 51.5307897)
411318138,51.5307081,-0.9132764,3,,POINT (-0.9132764 51.5307081)
411318144,51.5317164,-0.9125378,3,,POINT (-0.9125378 51.5317164)
411318145,51.5321549,-0.9127401,1,,POINT (-0.9127401000000001 51.5321549)
411318147,51.5301343,-0.9147632,3,,POINT (-0.9147632 51.5301343)
411318148,51.5300402,-0.9147179,1,,POINT (-0.9147179 51.5300402)
411318149,51.530239,-0.9148136,1,,POINT (-0.9148136 51.530239)
411318150,51.5302292,-0.9142629,3,,POINT (-0.9142629 51.5302292)
411318158,51.5315288,-0.9134104,4,,POINT (-0.9134104 51.5315288)
411318160,51.5319788,-0.9136266,1,,POINT (-0.9136266 51.5319788)
411318161,51.5313553,-0.9133236,1,,POINT (-0.9133236 51.5313553)
411322488,51.5319002,-0.9102036,3,,POINT (-0.9102036 51.5319002)
411322490,51.5314009,-0.9093574,3,,POINT (-0.9093574 51.5314009)
411322502,51.5311844,-0.9097191,3,,POINT (-0.9097191 51.5311844)
411322509,51.5311703,-0.9099805,3,,POINT (-0.9099805 51.5311703)
411322514,51.5308057,-0.9102092,1,,POINT (-0.9102092000000001 51.5308057)
411322516,51.5308881,-0.910181,4,,POINT (-0.910181 51.5308881)
411322518,51.5308699,-0.9100676,1,,POINT (-0.9100676 51.5308699)
411322523,51.5308809,-0.9106756,3,,POINT (-0.9106756 51.5308809)
411322531,51.5316695,-0.9101668,3,,POINT (-0.9101668000000001 51.5316695)
411322536,51.5318318,-0.9102455,3,,POINT (-0.9102455 51.5318318)
415417927,51.5260256,-0.9327312,3,,POINT (-0.9327312 51.5260256)
415556921,51.5298129,-0.9271968,3,,POINT (-0.9271968 51.5298129)
415904975,51.5295662,-0.92688,3,,POINT (-0.92688 51.5295662)
415904984,51.5304143,-0.9268257,3,,POINT (-0.9268257 51.5304143)
415904985,51.5309286,-0.9264269,3,,POINT (-0.9264269000000001 51.5309286)
415904988,51.5312826,-0.9261294,3,,POINT (-0.9261294 51.5312826)
415904990,51.5314437,-0.9260525,1,,POINT (-0.9260524999999999 51.5314437)
415904999,51.5300666,-0.9236005,3,,POINT (-0.9236005 51.5300666)
415905001,51.529912,-0.9231978,3,,POINT (-0.9231978 51.529912)
415905009,51.5288741,-0.9215529,3,,POINT (-0.9215529 51.5288741)
415905040,51.5281748,-0.9271443,3,,POINT (-0.9271443 51.5281748)
415905049,51.5305401,-0.9229344,3,,POINT (-0.9229344 51.5305401)
415905050,51.5306751,-0.9227282,1,,POINT (-0.9227282 51.5306751)
415905052,51.5304885,-0.9228389,1,,POINT (-0.9228389 51.5304885)
415905056,51.5306937,-0.9278955,3,,POINT (-0.9278955 51.5306937)
415905058,51.5309802,-0.9277719,3,,POINT (-0.9277719 51.5309802)
415905060,51.5309663,-0.9277013,1,,POINT (-0.9277013 51.5309663)
415905061,51.5309904,-0.9278236,1,,POINT (-0.9278236 51.5309904)
415905062,51.5303663,-0.9280905,3,,POINT (-0.9280905 51.5303663)
415905064,51.5303598,-0.9280317,1,,POINT (-0.9280317 51.5303598)
415905065,51.5303725,-0.9281457,1,,POINT (-0.9281457 51.5303725)
415905078,51.5318481,-0.9275833,3,,POINT (-0.9275833 51.5318481)
415905079,51.5319185,-0.9275369,1,,POINT (-0.9275369 51.5319185)
415905081,51.5317802,-0.927628,1,,POINT (-0.927628 51.5317802)
415913688,51.5292848,-0.9149169,3,,POINT (-0.9149169 51.5292848)
415913693,51.5296275,-0.9153481,3,,POINT (-0.9153481 51.5296275)
415913695,51.5297121,-0.9154148,3,,POINT (-0.9154148 51.5297121)
415913696,51.5297282,-0.9153219,1,,POINT (-0.9153219 51.5297282)
415913697,51.5296084,-0.9157259,3,,POINT (-0.9157259 51.5296084)
415913698,51.5292628,-0.9157235,3,,POINT (-0.9157235 51.5292628)
415917764,51.530533,-0.9168287,3,,POINT (-0.9168287000000001 51.530533)
415917768,51.5308535,-0.9168302,3,,POINT (-0.9168302 51.5308535)
415917771,51.530967,-0.9163467,3,,POINT (-0.9163467 51.530967)
415917776,51.5307112,-0.9152725,3,,POINT (-0.9152725 51.5307112)
415917777,51.5306629,-0.9152521,1,,POINT (-0.9152521 51.5306629)
415917778,51.5307631,-0.9152943,1,,POINT (-0.9152943 51.5307631)
415917781,51.5311937,-0.9156749,1,,POINT (-0.9156749 51.5311937)
415917782,51.5311521,-0.9159547,3,,POINT (-0.9159547 51.5311521)
415917783,51.5311048,-0.9159142,1,,POINT (-0.9159142 51.5311048)
415917786,51.531316,-0.9175108,3,,POINT (-0.9175108 51.531316)
415917791,51.531321,-0.9178875,1,,POINT (-0.9178875 51.531321)
415917794,51.5314638,-0.9172605,1,,POINT (-0.9172605 51.5314638)
415917799,51.5308354,-0.9174765,1,,POINT (-0.9174765 51.5308354)
415917800,51.530766,-0.9174212,3,,POINT (-0.9174212 51.530766)
415917802,51.5307459,-0.9175265,1,,POINT (-0.9175265 51.5307459)
415920055,51.5292628,-0.9167787,3,,POINT (-0.9167786999999999 51.5292628)
415920056,51.5291996,-0.9168841,3,,POINT (-0.9168841 51.5291996)
415920057,51.5292623,-0.9169869,3,,POINT (-0.9169869 51.5292623)
415920058,51.529315,-0.9168795,3,,POINT (-0.9168795 51.529315)
418044180,51.5276464,-0.9007399,3,,POINT (-0.9007399 51.5276464)
418044186,51.5278779,-0.899723,3,,POINT (-0.8997230000000001 51.5278779)
418044187,51.5291204,-0.8974829,4,,POINT (-0.8974829 51.5291204)
418044211,51.5277618,-0.8962761,3,,POINT (-0.8962761 51.5277618)
418044213,51.5278046,-0.8960426,3,,POINT (-0.8960426 51.5278046)
418044217,51.5275782,-0.8972935,3,,POINT (-0.8972935 51.5275782)
418044221,51.5290174,-0.8976666,3,,POINT (-0.8976666 51.5290174)
418044222,51.5287981,-0.8944987,3,,POINT (-0.8944987 51.5287981)
418044223,51.5280984,-0.8963087,3,mini_roundabout,POINT (-0.8963087 51.5280984)
418044225,51.5300539,-0.8959769,3,,POINT (-0.8959769 51.5300539)
418044227,51.5302425,-0.8949099,1,,POINT (-0.8949099 51.5302425)
418044228,51.5298841,-0.8957296,3,,POINT (-0.8957296 51.5298841)
418044229,51.5285156,-0.8941995,3,,POINT (-0.8941995 51.5285156)
418044232,51.5289195,-0.8958466,1,,POINT (-0.8958466 51.5289195)
418044235,51.5288757,-0.8971904,3,,POINT (-0.8971904000000001 51.5288757)
418044237,51.5296268,-0.8964538,1,,POINT (-0.8964538 51.5296268)
418044241,51.5295613,-0.8981308,3,,POINT (-0.8981308 51.5295613)
418044256,51.5281536,-0.9005169,3,,POINT (-0.9005169 51.5281536)
418044259,51.5296507,-0.8982552,3,,POINT (-0.8982552 51.5296507)
418044264,51.5335568,-0.9012594,1,,POINT (-0.9012594 51.5335568)
418044280,51.5355939,-0.9018795,3,,POINT (-0.9018794999999999 51.5355939)
418044281,51.5354995,-0.9018406,1,,POINT (-0.9018406 51.5354995)
418044282,51.5356489,-0.9015658,1,,POINT (-0.9015658 51.5356489)
418044284,51.5343444,-0.9007168,3,,POINT (-0.9007168 51.5343444)
418044285,51.5347101,-0.9011643,3,,POINT (-0.9011643 51.5347101)
418044299,51.5351472,-0.9005064,3,,POINT (-0.9005064 51.5351472)
418044305,51.5345989,-0.9012816,4,,POINT (-0.9012816 51.5345989)
418044307,51.5342364,-0.9005463,4,,POINT (-0.9005463 51.5342364)
418044309,51.5341214,-0.9003765,3,,POINT (-0.9003765 51.5341214)
418044313,51.5322966,-0.8974087,3,,POINT (-0.8974086999999999 51.5322966)
418044326,51.5340204,-0.9005144,3,,POINT (-0.9005144 51.5340204)
418044331,51.5344891,-0.8996674,3,,POINT (-0.8996674 51.5344891)
418044335,51.5339769,-0.9001415,3,,POINT (-0.9001415 51.5339769)
418044339,51.5333402,-0.899079,3,,POINT (-0.899079 51.5333402)
418044340,51.5330352,-0.8985687,3,,POINT (-0.8985687 51.5330352)
418169440,51.5352453,-0.9003601,3,,POINT (-0.9003601 51.5352453)
418169444,51.5346061,-0.8997349,3,,POINT (-0.8997349 51.5346061)
418169445,51.5344319,-0.8996333,3,,POINT (-0.8996333 51.5344319)
418169446,51.5342595,-0.8994433,4,,POINT (-0.8994432999999999 51.5342595)
418169451,51.5339749,-0.8990925,3,,POINT (-0.8990925 51.5339749)
418169459,51.5325611,-0.8959854,3,,POINT (-0.8959854 51.5325611)
418169468,51.5342659,-0.8993634,3,,POINT (-0.8993634 51.5342659)
418169470,51.5340692,-0.8990774,3,,POINT (-0.8990774 51.5340692)
418169471,51.5342688,-0.8978195,3,,POINT (-0.8978195 51.5342688)
418169473,51.53371,-0.8986811,3,,POINT (-0.8986811 51.53371)
418169474,51.5339347,-0.8982992,3,,POINT (-0.8982992 51.5339347)
418169475,51.534229,-0.8988522,4,,POINT (-0.8988522 51.534229)
418169478,51.5347926,-0.8985822,3,,POINT (-0.8985822 51.5347926)
418169485,51.5320894,-0.8956821,3,,POINT (-0.8956821 51.5320894)
418169517,51.5351533,-0.8999529,1,,POINT (-0.8999528999999999 51.5351533)
419321754,51.5440277,-0.9103715,3,,POINT (-0.9103715 51.5440277)
419321758,51.5444304,-0.9113542,3,,POINT (-0.9113542 51.5444304)
419321762,51.5440055,-0.91169,3,,POINT (-0.91169 51.5440055)
419321780,51.5438495,-0.9118247,3,,POINT (-0.9118247 51.5438495)
419321789,51.5427846,-0.912021,3,,POINT (-0.912021 51.5427846)
419321794,51.5430311,-0.9116576,3,,POINT (-0.9116576 51.5430311)
419321800,51.5444009,-0.9112866,3,,POINT (-0.9112865999999999 51.5444009)
419321807,51.542533,-0.910422,3,,POINT (-0.910422 51.542533)
419321818,51.5422418,-0.9108203,3,,POINT (-0.9108203 51.5422418)
419321838,51.5426082,-0.907943,1,,POINT (-0.9079429999999999 51.5426082)
419321844,51.5425341,-0.9071561,3,,POINT (-0.9071561 51.5425341)
419321856,51.5430765,-0.9111085,3,,POINT (-0.9111085 51.5430765)
419321860,51.5430404,-0.9112116,1,,POINT (-0.9112116 51.5430404)
419321866,51.5419105,-0.9083689,1,,POINT (-0.9083689 51.5419105)
419321868,51.54199,-0.9084085,3,,POINT (-0.9084085 51.54199)
419321882,51.5423519,-0.9068532,3,,POINT (-0.9068532 51.5423519)
419321886,51.5420566,-0.9084433,1,,POINT (-0.9084433 51.5420566)
419321888,51.5415722,-0.9069377,1,,POINT (-0.9069377 51.5415722)
419321897,51.54192,-0.9061108,3,,POINT (-0.9061108 51.54192)
419321903,51.5414944,-0.9059735,3,,POINT (-0.9059735 51.5414944)
419321905,51.5412932,-0.9056848,1,,POINT (-0.9056848 51.5412932)
419321922,51.5425365,-0.9115078,3,,POINT (-0.9115078 51.5425365)
419321926,51.5432653,-0.912925,3,,POINT (-0.912925 51.5432653)
419321930,51.5436584,-0.9135904,3,,POINT (-0.9135904 51.5436584)
419321934,51.5440209,-0.9141646,3,,POINT (-0.9141646 51.5440209)
419882537,51.5411112,-0.9116489,3,,POINT (-0.9116489 51.5411112)
419882542,51.5418758,-0.9135563,3,,POINT (-0.9135563 51.5418758)
419882549,51.5429393,-0.9147478,3,,POINT (-0.9147478 51.5429393)
419882551,51.5436321,-0.9156912,3,,POINT (-0.9156912 51.5436321)
419882553,51.5421446,-0.9122556,3,,POINT (-0.9122556000000001 51.5421446)
419882559,51.5414468,-0.9126007,3,,POINT (-0.9126007 51.5414468)
419882567,51.5411003,-0.9103415,3,,POINT (-0.9103415 51.5411003)
419882570,51.5428906,-0.9135345,3,,POINT (-0.9135345 51.5428906)
419882574,51.5422398,-0.9139813,3,,POINT (-0.9139813 51.5422398)
419882575,51.5424377,-0.912819,1,,POINT (-0.912819 51.5424377)
419882576,51.5434365,-0.9139503,3,,POINT (-0.9139503 51.5434365)
419882580,51.5438478,-0.9144847,3,,POINT (-0.9144847 51.5438478)
419882581,51.5441528,-0.9145327,3,,POINT (-0.9145327 51.5441528)
419882589,51.5429327,-0.9153156,1,,POINT (-0.9153156 51.5429327)
419882590,51.5436632,-0.9154676,1,,POINT (-0.9154676 51.5436632)
419882591,51.5435831,-0.9156304,3,,POINT (-0.9156304 51.5435831)
419882592,51.5440416,-0.9147053,3,,POINT (-0.9147053000000001 51.5440416)
419882593,51.5440875,-0.9147686,3,,POINT (-0.9147686 51.5440875)
419882594,51.5431701,-0.9143757,3,,POINT (-0.9143757 51.5431701)
419882595,51.5437754,-0.9150852,3,,POINT (-0.9150852 51.5437754)
419882598,51.5437598,-0.915385,3,,POINT (-0.915385 51.5437598)
419882600,51.5439164,-0.9150811,3,,POINT (-0.9150811 51.5439164)
419882611,51.5398363,-0.9072583,3,,POINT (-0.9072583 51.5398363)
419882615,51.5405056,-0.9116209,1,,POINT (-0.9116209 51.5405056)
420339270,51.5397635,-0.907238,3,mini_roundabout,POINT (-0.907238 51.5397635)
420339274,51.5387498,-0.9064022,3,,POINT (-0.9064022 51.5387498)
420339280,51.5380428,-0.9064882,3,,POINT (-0.9064882 51.5380428)
420339283,51.5379159,-0.9064685,1,,POINT (-0.9064685 51.5379159)
420339285,51.5381323,-0.9065024,1,,POINT (-0.9065024 51.5381323)
420339287,51.5383186,-0.9061026,3,,POINT (-0.9061026 51.5383186)
420339289,51.5387707,-0.9061931,4,crossing,POINT (-0.9061931 51.5387707)
420339291,51.5396675,-0.9063938,3,,POINT (-0.9063938 51.5396675)
420339292,51.5396304,-0.9063107,4,crossing,POINT (-0.9063107 51.5396304)
420339294,51.5394717,-0.9059218,1,,POINT (-0.9059218 51.5394717)
420339298,51.539358,-0.9061476,3,,POINT (-0.9061476000000001 51.539358)
420339300,51.5393396,-0.9059631,1,,POINT (-0.9059631 51.5393396)
420339303,51.5391678,-0.9061142,3,,POINT (-0.9061142 51.5391678)
420339308,51.5392014,-0.9058458,3,,POINT (-0.9058458 51.5392014)
420339315,51.5396936,-0.9056836,1,,POINT (-0.9056836 51.5396936)
420339318,51.5385256,-0.9052033,3,,POINT (-0.9052033 51.5385256)
420339320,51.5385494,-0.9059497,3,,POINT (-0.9059497 51.5385494)
420339324,51.5384932,-0.904771,3,,POINT (-0.904771 51.5384932)
420339340,51.5375489,-0.9058921,1,,POINT (-0.9058921 51.5375489)
420339343,51.540516,-0.9065282,3,,POINT (-0.9065282 51.540516)
420339350,51.5405636,-0.906034,3,,POINT (-0.906034 51.5405636)
420339352,51.5410387,-0.9066306,1,,POINT (-0.9066306 51.5410387)
420339354,51.5410362,-0.9065654,3,,POINT (-0.9065654 51.5410362)
420339355,51.5410338,-0.9065028,1,,POINT (-0.9065028000000001 51.5410338)
420339356,51.5398731,-0.9059421,3,,POINT (-0.9059421 51.5398731)
420339359,51.539894,-0.9061887,3,,POINT (-0.9061887 51.539894)
420339362,51.5399174,-0.9055037,3,,POINT (-0.9055037 51.5399174)
420339365,51.5400349,-0.9043894,3,,POINT (-0.9043894 51.5400349)
420339366,51.5397282,-0.9059787,1,,POINT (-0.9059787 51.5397282)
420339367,51.539728,-0.9043788,3,,POINT (-0.9043788 51.539728)
420339371,51.5401915,-0.9047182,3,,POINT (-0.9047182 51.5401915)
420339376,51.5409345,-0.9031724,1,,POINT (-0.9031724 51.5409345)
420339377,51.5404305,-0.9044641,3,,POINT (-0.9044641 51.5404305)
420339378,51.5409716,-0.9043177,3,,POINT (-0.9043177 51.5409716)
420339379,51.5414517,-0.9043263,3,,POINT (-0.9043263 51.5414517)
420339381,51.540237,-0.9044247,3,,POINT (-0.9044247 51.540237)
420501396,51.5358721,-0.9051909,3,,POINT (-0.9051909 51.5358721)
420501397,51.5360883,-0.9053997,3,,POINT (-0.9053997 51.5360883)
420501398,51.536121,-0.9054857,3,,POINT (-0.9054856999999999 51.536121)
420501404,51.5368367,-0.9058136,3,,POINT (-0.9058136 51.5368367)
420501405,51.5369277,-0.9058282,3,,POINT (-0.9058282 51.5369277)
420501407,51.5368511,-0.9057253,3,,POINT (-0.9057253 51.5368511)
420501408,51.5366038,-0.9055785,3,,POINT (-0.9055785 51.5366038)
420501411,51.536145,-0.9053863,3,,POINT (-0.9053863 51.536145)
420501412,51.5366417,-0.9053249,3,,POINT (-0.9053249 51.5366417)
420501413,51.5366818,-0.9050986,3,,POINT (-0.9050986 51.5366818)
420501414,51.5367244,-0.9049224,1,,POINT (-0.9049224 51.5367244)
420501416,51.5362535,-0.9051306,1,,POINT (-0.9051306 51.5362535)
420501417,51.5365309,-0.9050172,3,,POINT (-0.9050172 51.5365309)
420501419,51.5363136,-0.9049049,1,,POINT (-0.9049049 51.5363136)
420501424,51.5362418,-0.904295,3,,POINT (-0.904295 51.5362418)
420501430,51.5369599,-0.9046371,1,,POINT (-0.9046371 51.5369599)
420581171,51.5406654,-0.9083275,3,,POINT (-0.9083275 51.5406654)
420581174,51.5405749,-0.9090604,3,,POINT (-0.9090604 51.5405749)
420581177,51.5404336,-0.9105371,3,,POINT (-0.9105371 51.5404336)
420581178,51.5404929,-0.9098213,3,,POINT (-0.9098213000000001 51.5404929)
420581180,51.5401849,-0.9097398,3,,POINT (-0.9097398 51.5401849)
420581183,51.5402467,-0.9089493,3,,POINT (-0.9089493 51.5402467)
420581184,51.5402603,-0.9087275,3,,POINT (-0.9087275 51.5402603)
420581186,51.5401546,-0.908293,3,,POINT (-0.908293 51.5401546)
420581189,51.5403817,-0.9083086,3,,POINT (-0.9083086 51.5403817)
420581196,51.540078,-0.9108097,3,,POINT (-0.9108097000000001 51.540078)
420581198,51.5402137,-0.9108437,3,,POINT (-0.9108437 51.5402137)
420581199,51.540374,-0.9108838,3,,POINT (-0.9108838 51.540374)
420581201,51.5402724,-0.9105271,1,,POINT (-0.9105271 51.5402724)
420581206,51.5406602,-0.9110924,3,,POINT (-0.9110924 51.5406602)
420581207,51.5406623,-0.9112218,4,,POINT (-0.9112218 51.5406623)
420581210,51.5402437,-0.9114358,1,,POINT (-0.9114358 51.5402437)
420581215,51.5397731,-0.911057,3,,POINT (-0.911057 51.5397731)
420581218,51.5397428,-0.9110514,3,,POINT (-0.9110514 51.5397428)
420581230,51.5391047,-0.9109314,3,,POINT (-0.9109313999999999 51.5391047)
421939687,51.5287378,-0.8907756,3,,POINT (-0.8907756 51.5287378)
421939735,51.529348,-0.8905886,1,,POINT (-0.8905886 51.529348)
421939742,51.5291291,-0.8903467,1,,POINT (-0.8903467 51.5291291)
421939793,51.530828,-0.89339,1,,POINT (-0.89339 51.530828)
421939806,51.5310954,-0.894447,1,,POINT (-0.894447 51.5310954)
421962413,51.5308551,-0.8946768,3,,POINT (-0.8946768 51.5308551)
421962447,51.5302475,-0.8935566,3,,POINT (-0.8935566 51.5302475)
422507175,51.5314876,-0.8956428,3,,POINT (-0.8956428 51.5314876)
422507204,51.5315402,-0.8949101,1,,POINT (-0.8949101 51.5315402)
423182050,51.532355,-0.8954572,1,,POINT (-0.8954572 51.532355)
423182051,51.532538,-0.8953851,4,,POINT (-0.8953851 51.532538)
423182087,51.533075,-0.8975594,3,,POINT (-0.8975594 51.533075)
423182089,51.5330264,-0.8976278,3,,POINT (-0.8976278 51.5330264)
423276564,51.5287827,-0.8904854,3,,POINT (-0.8904854 51.5287827)
423276601,51.5346046,-0.8983085,3,,POINT (-0.8983085 51.5346046)
423276630,51.532772,-0.8953273,4,,POINT (-0.8953273 51.532772)
423276632,51.5328448,-0.8950654,3,,POINT (-0.8950654 51.5328448)
423276636,51.5329823,-0.8953253,3,,POINT (-0.8953253 51.5329823)
423276642,51.5332673,-0.8959299,3,,POINT (-0.8959298999999999 51.5332673)
423276666,51.527749,-0.8930308,1,,POINT (-0.8930308 51.527749)
423748796,51.5290247,-0.8887964,3,,POINT (-0.8887964 51.5290247)
423748803,51.5273129,-0.8851277,1,,POINT (-0.8851277 51.5273129)
423754365,51.5372864,-0.9010589,3,,POINT (-0.9010589 51.5372864)
423754366,51.5370313,-0.9008158,3,,POINT (-0.9008158000000001 51.5370313)
423754367,51.5370271,-0.9010096,3,,POINT (-0.9010096 51.5370271)
423805894,51.5371978,-0.9074773,1,,POINT (-0.9074773 51.5371978)
423805895,51.5374046,-0.9075179,3,,POINT (-0.9075179 51.5374046)
424202353,51.5373703,-0.907887,3,,POINT (-0.907887 51.5373703)
424202364,51.5373338,-0.9085311,3,,POINT (-0.9085311 51.5373338)
424202366,51.5378697,-0.908177,1,,POINT (-0.908177 51.5378697)
424202369,51.5378473,-0.9085793,3,,POINT (-0.9085793 51.5378473)
424202467,51.539802,-0.9022824,3,,POINT (-0.9022824 51.539802)
424202472,51.5399046,-0.9025848,3,,POINT (-0.9025848 51.5399046)
424202481,51.5400858,-0.9027552,3,,POINT (-0.9027552 51.5400858)
424202515,51.537664,-0.902214,3,,POINT (-0.902214 51.537664)
424202517,51.5383395,-0.9021146,1,,POINT (-0.9021146 51.5383395)
424202521,51.5378245,-0.9020495,3,,POINT (-0.9020494999999999 51.5378245)
424202527,51.5379837,-0.9019208,3,,POINT (-0.9019208 51.5379837)
424202530,51.5380879,-0.9014934,1,,POINT (-0.9014934 51.5380879)
424228076,51.5349089,-0.903846,3,,POINT (-0.903846 51.5349089)
424228081,51.5349437,-0.9040777,1,,POINT (-0.9040777 51.5349437)
424228084,51.5348008,-0.9039838,1,,POINT (-0.9039838 51.5348008)
424228087,51.5349619,-0.9032538,3,,POINT (-0.9032538 51.5349619)
424228091,51.5349486,-0.9033974,3,,POINT (-0.9033974 51.5349486)
424228119,51.532006,-0.898036,3,,POINT (-0.8980359999999999 51.532006)
424228122,51.5321231,-0.8981761,1,,POINT (-0.8981761 51.5321231)
424269280,51.5322611,-0.8973519,3,,POINT (-0.8973519 51.5322611)
426933146,51.5364813,-0.9219988,4,,POINT (-0.9219988 51.5364813)
426933176,51.5363577,-0.9254612,3,,POINT (-0.9254612 51.5363577)
427057104,51.5325343,-0.8970021,3,,POINT (-0.8970021 51.5325343)
427057105,51.533103,-0.8977943,3,,POINT (-0.8977943 51.533103)
427057107,51.5331673,-0.8977249,3,,POINT (-0.8977249 51.5331673)
427057109,51.5336182,-0.8987812,3,,POINT (-0.8987811999999999 51.5336182)
427057167,51.5342142,-0.9005048,3,,POINT (-0.9005048 51.5342142)
433928002,51.5255677,-0.9007471,3,,POINT (-0.9007471 51.5255677)
433928004,51.5240746,-0.9091681,3,,POINT (-0.9091681 51.5240746)
479273457,51.5433899,-0.908777,3,,POINT (-0.9087769999999999 51.5433899)
518644496,51.536506,-0.9017082,3,,POINT (-0.9017082 51.536506)
518644498,51.5361461,-0.9014545,1,,POINT (-0.9014545 51.5361461)
521512726,51.5431327,-0.9087477,1,,POINT (-0.9087477 51.5431327)
538990343,51.537908,-0.901982,3,,POINT (-0.901982 51.537908)
539136272,51.5455388,-0.9071189,3,,POINT (-0.9071189 51.5455388)
539136277,51.5452003,-0.9071265,3,,POINT (-0.9071264999999999 51.5452003)
539136288,51.5452468,-0.9071467,1,,POINT (-0.9071467 51.5452468)
539136289,51.5453113,-0.9064834,1,,POINT (-0.9064834000000001 51.5453113)
539136290,51.5451235,-0.9065399,3,,POINT (-0.9065399 51.5451235)
539136301,51.5449764,-0.9054782,3,,POINT (-0.9054782 51.5449764)
539136302,51.5447615,-0.9055307,3,,POINT (-0.9055307 51.5447615)
539136305,51.5446123,-0.905165,1,,POINT (-0.905165 51.5446123)
539136317,51.5450464,-0.9060245,4,,POINT (-0.9060245 51.5450464)
539136318,51.5457237,-0.9056703,3,,POINT (-0.9056703 51.5457237)
539136320,51.5454566,-0.9058256,3,,POINT (-0.9058256 51.5454566)
539136326,51.5453564,-0.9051283,3,,POINT (-0.9051283 51.5453564)
539136329,51.5456704,-0.9050917,3,,POINT (-0.9050917000000001 51.5456704)
539136339,51.5456446,-0.9045822,3,,POINT (-0.9045822 51.5456446)
539136342,51.5456489,-0.9049265,3,,POINT (-0.9049265 51.5456489)
539136343,51.5454531,-0.9036436,3,,POINT (-0.9036436 51.5454531)
539592468,51.543333,-0.9073903,3,,POINT (-0.9073903 51.543333)
539592471,51.5430756,-0.9065764,3,,POINT (-0.9065763999999999 51.5430756)
539592495,51.5426468,-0.9052539,3,,POINT (-0.9052538999999999 51.5426468)
539592498,51.5429467,-0.9051057,3,,POINT (-0.9051057 51.5429467)
539592501,51.5427696,-0.9051932,3,,POINT (-0.9051932 51.5427696)
539592507,51.5436956,-0.9057926,3,,POINT (-0.9057925999999999 51.5436956)
539592511,51.5430924,-0.9062651,3,,POINT (-0.9062651 51.5430924)
539592512,51.5425458,-0.9046907,3,,POINT (-0.9046907 51.5425458)
539592517,51.5433626,-0.9049002,1,,POINT (-0.9049002 51.5433626)
539592518,51.5431694,-0.9047731,1,,POINT (-0.9047731 51.5431694)
539592519,51.5434441,-0.9049734,1,,POINT (-0.9049734 51.5434441)
539665990,51.5422563,-0.9023806,3,,POINT (-0.9023806 51.5422563)
539666003,51.5414471,-0.9020854,3,,POINT (-0.9020854 51.5414471)
539666019,51.5423613,-0.9040927,3,,POINT (-0.9040927 51.5423613)
539666026,51.5423882,-0.9047384,3,,POINT (-0.9047384000000001 51.5423882)
539689894,51.5416995,-0.9038551,3,,POINT (-0.9038551 51.5416995)
539689895,51.5416814,-0.9049321,3,,POINT (-0.9049321 51.5416814)
539723903,51.5386856,-0.9085685,1,,POINT (-0.9085685 51.5386856)
558483194,51.5434707,-0.9078166,1,,POINT (-0.9078166 51.5434707)
571097580,51.5433065,-0.9085853,3,,POINT (-0.9085853 51.5433065)
672431933,51.5531043,-0.924123,3,,POINT (-0.924123 51.5531043)
672431935,51.552908,-0.9245193,3,,POINT (-0.9245193 51.552908)
672431941,51.5533817,-0.9256834,3,,POINT (-0.9256834 51.5533817)
672431942,51.5535151,-0.9259248,1,,POINT (-0.9259248 51.5535151)
672442381,51.5529614,-0.9255707,1,,POINT (-0.9255707 51.5529614)
672442382,51.5530384,-0.9254529,3,,POINT (-0.9254529 51.5530384)
672444495,51.5528046,-0.9249163,1,,POINT (-0.9249163 51.5528046)
672444513,51.5528813,-0.9250879,3,,POINT (-0.9250879 51.5528813)
672444526,51.552983,-0.924969,3,,POINT (-0.924969 51.552983)
672444528,51.553288,-0.925497,3,,POINT (-0.925497 51.553288)
772998805,51.538712,-0.9025947,1,,POINT (-0.9025947 51.538712)
772998806,51.5391745,-0.9025136,3,,POINT (-0.9025136 51.5391745)
772998822,51.5413607,-0.9050415,4,mini_roundabout,POINT (-0.9050415000000001 51.5413607)
772998840,51.5410529,-0.9047674,3,,POINT (-0.9047674 51.5410529)
974138855,51.5474982,-0.922788,4,,POINT (-0.9227880000000001 51.5474982)
974138858,51.5469134,-0.922911,1,,POINT (-0.922911 51.5469134)
974138964,51.5480193,-0.9259035,1,,POINT (-0.9259035 51.5480193)
974138966,51.5483704,-0.9254999,3,,POINT (-0.9254999 51.5483704)
974138991,51.5472854,-0.9207751,3,,POINT (-0.9207751 51.5472854)
974139000,51.5477361,-0.9187418,4,,POINT (-0.9187418000000001 51.5477361)
974139008,51.5485484,-0.917625,3,,POINT (-0.917625 51.5485484)
974139230,51.5471631,-0.9195865,3,,POINT (-0.9195865 51.5471631)
974145114,51.5485778,-0.926343,3,,POINT (-0.926343 51.5485778)
974145597,51.5476693,-0.9227747,3,,POINT (-0.9227746999999999 51.5476693)
974145670,51.5475108,-0.9225646,3,,POINT (-0.9225646 51.5475108)
974145675,51.5479993,-0.923232,3,,POINT (-0.9232320000000001 51.5479993)
974148692,51.5418023,-0.9166441,3,,POINT (-0.9166441 51.5418023)
974156078,51.5462773,-0.9146953,4,,POINT (-0.9146953 51.5462773)
974156082,51.5468784,-0.9156038,4,,POINT (-0.9156038 51.5468784)
974156087,51.5484329,-0.917886,4,,POINT (-0.917886 51.5484329)
974156343,51.545504,-0.9172051,1,,POINT (-0.9172051 51.545504)
974156348,51.5463768,-0.9144156,4,,POINT (-0.9144156 51.5463768)
974156578,51.5462446,-0.917256,1,,POINT (-0.917256 51.5462446)
974156588,51.5470035,-0.9153262,3,,POINT (-0.9153262 51.5470035)
974156802,51.5464134,-0.9143592,4,,POINT (-0.9143592 51.5464134)
974156855,51.5474379,-0.9159663,3,,POINT (-0.9159663 51.5474379)
974156856,51.5474721,-0.9159022,4,,POINT (-0.9159022 51.5474721)
974158409,51.5434487,-0.908753,4,,POINT (-0.908753 51.5434487)
974164348,51.5366081,-0.9158269,3,,POINT (-0.9158269 51.5366081)
974164350,51.5366812,-0.9158262,3,,POINT (-0.9158262 51.5366812)
974164355,51.5367092,-0.9156502,3,,POINT (-0.9156502 51.5367092)
974164380,51.5385128,-0.9144329,3,,POINT (-0.9144329 51.5385128)
974171652,51.5440027,-0.911044,1,,POINT (-0.911044 51.5440027)
974171655,51.5437959,-0.9105756,3,,POINT (-0.9105756 51.5437959)
974185064,51.5529883,-0.9243612,4,,POINT (-0.9243612 51.5529883)
974185466,51.5474685,-0.9155158,3,,POINT (-0.9155158 51.5474685)
974185479,51.5476791,-0.9157647,1,,POINT (-0.9157647 51.5476791)
1244413917,51.5371977,-0.910856,3,,POINT (-0.910856 51.5371977)
1244414504,51.5399347,-0.9149455,1,,POINT (-0.9149455 51.5399347)
1377649256,51.5304533,-0.8994653,3,,POINT (-0.8994653 51.5304533)
1377649267,51.5307865,-0.8988976,1,,POINT (-0.8988976 51.5307865)
1378913203,51.535758,-0.9035383,1,,POINT (-0.9035383 51.535758)
1378913204,51.5357704,-0.9034948,3,,POINT (-0.9034948 51.5357704)
1400101526,51.5358056,-0.9023866,3,,POINT (-0.9023866 51.5358056)
1400101527,51.5359263,-0.901622,1,,POINT (-0.901622 51.5359263)
1400101530,51.5364731,-0.9019487,3,,POINT (-0.9019487 51.5364731)
1432095237,51.5242597,-0.9081175,3,,POINT (-0.9081175 51.5242597)
1439652437,51.5273608,-0.9235533,3,,POINT (-0.9235533 51.5273608)
1483367746,51.5410368,-0.9047857,3,,POINT (-0.9047857 51.5410368)
1631639109,51.5408261,-0.9022572,1,,POINT (-0.9022572 51.5408261)
1631639134,51.5330007,-0.9077147,1,,POINT (-0.9077147 51.5330007)
1631639153,51.5334106,-0.9082606,4,,POINT (-0.9082606 51.5334106)
1631661170,51.5362553,-0.9038152,3,traffic_signals,POINT (-0.9038152 51.5362553)
1672604357,51.535,-0.9030075,3,,POINT (-0.9030075 51.535)
1672637039,51.5365541,-0.9008103,3,,POINT (-0.9008103 51.5365541)
1672664139,51.538964,-0.9011823,3,,POINT (-0.9011823 51.538964)
1674848790,51.5369401,-0.9009866,3,,POINT (-0.9009866 51.5369401)
1674848798,51.5390102,-0.9012894,3,,POINT (-0.9012894 51.5390102)
1674848801,51.5390368,-0.9015271,3,,POINT (-0.9015271 51.5390368)
1674875386,51.5394298,-0.9043957,3,,POINT (-0.9043957 51.5394298)
1814947918,51.5353911,-0.9123719,4,,POINT (-0.9123719 51.5353911)
2055908736,51.537318,-0.9101352,3,,POINT (-0.9101352 51.537318)
2055908741,51.5371529,-0.9101248,3,,POINT (-0.9101248 51.5371529)
2175006245,51.5376623,-0.9010105,4,,POINT (-0.9010105 51.5376623)
2321903163,51.5398878,-0.9061041,3,,POINT (-0.9061041 51.5398878)
2321903165,51.5395575,-0.9062221,3,,POINT (-0.9062221 51.5395575)
2558981755,51.5336043,-0.9089459,3,,POINT (-0.9089459 51.5336043)
2559123298,51.5300311,-0.8988471,3,,POINT (-0.8988471 51.5300311)
2559123305,51.5301155,-0.8978312,1,,POINT (-0.8978312000000001 51.5301155)
2559167328,51.5335861,-0.9065259,1,,POINT (-0.9065259 51.5335861)
2559173706,51.5350299,-0.9071458,3,,POINT (-0.9071458 51.5350299)
2559173707,51.5355966,-0.907476,4,,POINT (-0.9074759999999999 51.5355966)
2559173708,51.5361062,-0.9076378,3,,POINT (-0.9076378000000001 51.5361062)
2559173713,51.5353332,-0.9061679,3,,POINT (-0.9061679 51.5353332)
2559174474,51.5352995,-0.9080943,3,,POINT (-0.9080943 51.5352995)
3217320649,51.5382819,-0.9039731,1,,POINT (-0.9039731 51.5382819)
3217323570,51.5384306,-0.9047929,3,,POINT (-0.9047929 51.5384306)
3224241058,51.5339261,-0.9006784,3,,POINT (-0.9006784 51.5339261)
3224243067,51.5335744,-0.900155,3,,POINT (-0.900155 51.5335744)
3230229312,51.5351431,-0.905551,3,,POINT (-0.905551 51.5351431)
3230229313,51.535001,-0.905421,3,,POINT (-0.905421 51.535001)
3231957137,51.5376857,-0.9024464,3,,POINT (-0.9024464 51.5376857)
3231957393,51.5380909,-0.9026365,1,,POINT (-0.9026365 51.5380909)
3231977580,51.5350771,-0.9066769,3,,POINT (-0.9066769 51.5350771)
3231977589,51.5354202,-0.9069124,1,,POINT (-0.9069124 51.5354202)
3231977598,51.5356048,-0.9057145,3,,POINT (-0.9057145 51.5356048)
3231977611,51.5357409,-0.9071887,3,,POINT (-0.9071887 51.5357409)
3231977615,51.535786,-0.9056194,1,,POINT (-0.9056194 51.535786)
3237081642,51.5347566,-0.8998219,3,,POINT (-0.8998219 51.5347566)
3237081651,51.5348078,-0.9004614,1,,POINT (-0.9004614 51.5348078)
3240913507,51.5348175,-0.902924,3,,POINT (-0.9029239999999999 51.5348175)
3240913518,51.5348929,-0.9020017,3,,POINT (-0.9020017 51.5348929)
3240913519,51.5349129,-0.9023995,1,,POINT (-0.9023995 51.5349129)
3240913521,51.5349169,-0.9018335,1,,POINT (-0.9018335 51.5349169)
3242558668,51.5355246,-0.902783,1,,POINT (-0.902783 51.5355246)
3242558716,51.5356716,-0.9046312,1,,POINT (-0.9046312 51.5356716)
3242558822,51.5359755,-0.9036118,3,,POINT (-0.9036118 51.5359755)
3249331257,51.5365344,-0.9060289,1,,POINT (-0.9060289 51.5365344)
3249345661,51.5379576,-0.9072977,1,,POINT (-0.9072977 51.5379576)
3249345698,51.5382889,-0.9075891,3,,POINT (-0.9075891 51.5382889)
3264026246,51.539096,-0.9019586,3,,POINT (-0.9019586000000001 51.539096)
3264032590,51.53951,-0.9017608,3,,POINT (-0.9017608 51.53951)
3307802343,51.529238,-0.9315479,3,,POINT (-0.9315479 51.529238)
3309232564,51.5362467,-0.9089257,1,,POINT (-0.9089256999999999 51.5362467)
3309232581,51.5370134,-0.9084501,3,,POINT (-0.9084501 51.5370134)
3377532298,51.5397705,-0.9012803,3,,POINT (-0.9012803 51.5397705)
3377532300,51.5397769,-0.901516,3,,POINT (-0.901516 51.5397769)
3377532341,51.5402077,-0.9016184,1,,POINT (-0.9016184 51.5402077)
3377532386,51.5406359,-0.9016164,1,,POINT (-0.9016164 51.5406359)
3377532398,51.5407162,-0.9022572,3,,POINT (-0.9022572 51.5407162)
3377532404,51.5407557,-0.9007773,1,,POINT (-0.9007773 51.5407557)
3402390827,51.5411735,-0.9029646,1,,POINT (-0.9029646 51.5411735)
3402390843,51.5413141,-0.9021937,3,,POINT (-0.9021937 51.5413141)
3402390846,51.5413334,-0.9025187,3,,POINT (-0.9025187 51.5413334)
3402390849,51.5413181,-0.902256,3,,POINT (-0.9022559999999999 51.5413181)
3402390885,51.5414709,-0.9032747,1,,POINT (-0.9032747 51.5414709)
3402390947,51.542008,-0.9036572,1,,POINT (-0.9036572 51.542008)
3402410382,51.5415751,-0.9011919,3,,POINT (-0.9011919 51.5415751)
3402410383,51.5415769,-0.9017917,1,,POINT (-0.9017917 51.5415769)
3402410387,51.5416225,-0.9017513,3,,POINT (-0.9017513 51.5416225)
3402411401,51.5420347,-0.8998844,1,,POINT (-0.8998844 51.5420347)
3402411407,51.542238,-0.9022201,3,,POINT (-0.9022201 51.542238)
3402411414,51.5424962,-0.90023,1,,POINT (-0.90023 51.5424962)
3402411420,51.5425818,-0.9019653,3,,POINT (-0.9019653 51.5425818)
3402411427,51.5427269,-0.9017409,3,,POINT (-0.9017409 51.5427269)
3430519375,51.5340755,-0.9055871,3,,POINT (-0.9055871 51.5340755)
3464216574,51.5355343,-0.9041342,1,,POINT (-0.9041342 51.5355343)
3464216575,51.5357053,-0.9034547,3,,POINT (-0.9034547000000001 51.5357053)
3566343982,51.5357069,-0.9064909,1,,POINT (-0.9064909 51.5357069)
3566343983,51.5357386,-0.906558,1,,POINT (-0.906558 51.5357386)
3633389850,51.5387054,-0.9060007,1,,POINT (-0.9060007 51.5387054)
3633389856,51.5390862,-0.9061395,3,,POINT (-0.9061395 51.5390862)
3633389861,51.5390529,-0.9051211,4,,POINT (-0.9051211 51.5390529)
3633389862,51.5390027,-0.904591,3,,POINT (-0.904591 51.5390027)
3633784646,51.5321737,-0.9169431,3,,POINT (-0.9169431 51.5321737)
3633784654,51.5315696,-0.9158507,1,,POINT (-0.9158507 51.5315696)
3643587589,51.5364884,-0.9044772,3,,POINT (-0.9044772 51.5364884)
3690081834,51.5496859,-0.9252539,3,,POINT (-0.9252539 51.5496859)
3698272684,51.5432842,-0.9045053,3,,POINT (-0.9045053 51.5432842)
3809523879,51.5339903,-0.9066931,3,,POINT (-0.9066931 51.5339903)
3809523880,51.5340567,-0.9067537,3,,POINT (-0.9067537 51.5340567)
3809523881,51.5339219,-0.9066274,3,,POINT (-0.9066274 51.5339219)
3809523882,51.5339676,-0.9064997,1,,POINT (-0.9064997 51.5339676)
3809523883,51.5339488,-0.9065561,3,,POINT (-0.9065561 51.5339488)
3809523889,51.5343314,-0.905911,3,,POINT (-0.905911 51.5343314)
3809523903,51.5337601,-0.9064799,1,,POINT (-0.9064799 51.5337601)
3840633195,51.5359433,-0.9035934,3,,POINT (-0.9035934 51.5359433)
3960094258,51.5271569,-0.9325046,3,,POINT (-0.9325046 51.5271569)
3980095518,51.5343288,-0.9026916,3,,POINT (-0.9026916 51.5343288)
4011522686,51.5319259,-0.9196463,3,,POINT (-0.9196463 51.5319259)
4011523413,51.5499982,-0.9263299,3,,POINT (-0.9263299 51.5499982)
4011523419,51.5521138,-0.929602,3,,POINT (-0.929602 51.5521138)
4011534611,51.5419562,-0.9061718,3,,POINT (-0.9061718 51.5419562)
4011534612,51.5420307,-0.9048426,3,,POINT (-0.9048426000000001 51.5420307)
4011679802,51.5331177,-0.9149413,3,,POINT (-0.9149413 51.5331177)
4011679805,51.5341945,-0.9158236,1,,POINT (-0.9158236 51.5341945)
4011679806,51.5342594,-0.9137705,3,,POINT (-0.9137705 51.5342594)
4011679809,51.5344196,-0.9140719,3,,POINT (-0.9140719 51.5344196)
4011679811,51.5344649,-0.9139585,3,,POINT (-0.9139585 51.5344649)
4011679820,51.5414574,-0.9089266,3,,POINT (-0.9089266 51.5414574)
4013370060,51.5288232,-0.8902021,3,,POINT (-0.8902021 51.5288232)
4013370061,51.5289838,-0.89051,3,,POINT (-0.89051 51.5289838)
4013370063,51.529158,-0.8908439,3,,POINT (-0.8908439 51.529158)
4060277484,51.5496671,-0.9279587,3,,POINT (-0.9279587 51.5496671)
4489672331,51.538084,-0.9011411,1,,POINT (-0.9011411 51.538084)
4489672333,51.5371915,-0.9066637,3,,POINT (-0.9066637 51.5371915)
4489672335,51.5380957,-0.9008819,3,,POINT (-0.9008819 51.5380957)
4992813935,51.5389242,-0.9046124,3,,POINT (-0.9046124 51.5389242)
4992813936,51.5388667,-0.9042135,1,,POINT (-0.9042135 51.5388667)
5086497034,51.5283215,-0.909909,3,,POINT (-0.909909 51.5283215)
5327089130,51.5316503,-0.9205447,3,,POINT (-0.9205447 51.5316503)
5327089134,51.5320488,-0.9218016,1,,POINT (-0.9218016 51.5320488)
5452020133,51.5458222,-0.9050406,1,,POINT (-0.9050406 51.5458222)
5452020140,51.5453899,-0.9058542,3,,POINT (-0.9058542000000001 51.5453899)
5476737352,51.5366931,-0.905052,3,,POINT (-0.905052 51.5366931)
5476737354,51.5370627,-0.9052456,1,,POINT (-0.9052456 51.5370627)
5478655653,51.5387887,-0.906075,3,,POINT (-0.906075 51.5387887)
5478655654,51.5383424,-0.906044,3,,POINT (-0.906044 51.5383424)
5478672823,51.5433663,-0.9087227,3,,POINT (-0.9087227 51.5433663)
5555967338,51.5355947,-0.9000789,3,,POINT (-0.9000789 51.5355947)
5556147799,51.528749,-0.8907033,3,,POINT (-0.8907033 51.528749)
5556147805,51.5284398,-0.8918469,1,,POINT (-0.8918469 51.5284398)
5758718246,51.5377982,-0.9008635,1,,POINT (-0.9008635 51.5377982)
5758718248,51.537754,-0.9009087,3,,POINT (-0.9009087 51.537754)
5758718250,51.5376439,-0.9009476,3,,POINT (-0.9009476 51.5376439)
5758718272,51.5343039,-0.8986704,3,,POINT (-0.8986704 51.5343039)
5758718276,51.5342843,-0.8986986,3,,POINT (-0.8986986 51.5342843)
5758718277,51.5344207,-0.8985746,3,,POINT (-0.8985746 51.5344207)
5758718279,51.5344095,-0.8985544,3,,POINT (-0.8985544 51.5344095)
5758718285,51.5343909,-0.8985528,3,,POINT (-0.8985528 51.5343909)
5758718297,51.5342026,-0.8988025,3,,POINT (-0.8988024999999999 51.5342026)
5758718480,51.5264983,-0.8936015,3,,POINT (-0.8936015 51.5264983)
5758718482,51.5263235,-0.8933984,1,,POINT (-0.8933984 51.5263235)
5758718483,51.52637,-0.8934314,3,,POINT (-0.8934314 51.52637)
5758718486,51.5264871,-0.8929145,1,,POINT (-0.8929145000000001 51.5264871)
5809547766,51.5331548,-0.9099915,1,,POINT (-0.9099915 51.5331548)
5809547767,51.5332569,-0.9098342,1,,POINT (-0.9098342 51.5332569)
5809547770,51.5332576,-0.9097704,3,,POINT (-0.9097704 51.5332576)
5809547775,51.5331099,-0.9100091,3,,POINT (-0.9100091 51.5331099)
5809547777,51.5332361,-0.9101661,1,,POINT (-0.9101661 51.5332361)
6320195888,51.5267452,-0.8926206,3,,POINT (-0.8926206 51.5267452)
6320195890,51.5274773,-0.8929038,3,,POINT (-0.8929038 51.5274773)
6320195891,51.5268031,-0.8924026,3,,POINT (-0.8924026 51.5268031)
6320195892,51.5275377,-0.8926917,3,,POINT (-0.8926917 51.5275377)
6320195894,51.5275904,-0.8924944,3,,POINT (-0.8924944 51.5275904)
6320195895,51.5269197,-0.8919962,3,,POINT (-0.8919962 51.5269197)
6320195896,51.5268611,-0.8922124,3,,POINT (-0.8922124 51.5268611)
6320195897,51.5265686,-0.8932462,3,,POINT (-0.8932462 51.5265686)
6320195900,51.5266821,-0.8928196,3,,POINT (-0.8928196 51.5266821)
6320195901,51.5266233,-0.8930311,3,,POINT (-0.8930311 51.5266233)
6320195902,51.5269536,-0.8932846,3,,POINT (-0.8932846 51.5269536)
6320195903,51.5265958,-0.8932689,2,,POINT (-0.8932689 51.5265958)
6320195904,51.5266549,-0.8930564,2,,POINT (-0.8930564 51.5266549)
6320195905,51.5267115,-0.8928447,2,,POINT (-0.8928447 51.5267115)
6320195906,51.5267735,-0.8926388,2,,POINT (-0.8926388 51.5267735)
6320195907,51.5268358,-0.8924288,2,,POINT (-0.8924288 51.5268358)
6320195908,51.5268822,-0.8922207,2,,POINT (-0.8922207 51.5268822)
6320195909,51.5269472,-0.892013,2,,POINT (-0.8920129999999999 51.5269472)
6320195910,51.5270039,-0.8918035,2,,POINT (-0.8918035 51.5270039)
6484131186,51.5316593,-0.8984976,3,,POINT (-0.8984976 51.5316593)
6484131187,51.5314766,-0.8983157,1,,POINT (-0.8983157000000001 51.5314766)
6557733181,51.5439594,-0.9129096,1,,POINT (-0.9129096 51.5439594)
6581622780,51.5251338,-0.9031709,3,,POINT (-0.9031709 51.5251338)
6581634292,51.5240713,-0.9029195,1,,POINT (-0.9029195 51.5240713)
6668863350,51.5270956,-0.9019452,3,,POINT (-0.9019452 51.5270956)
6668863352,51.5265818,-0.9018806,1,,POINT (-0.9018806 51.5265818)
6684390580,51.5436423,-0.9094779,3,,POINT (-0.9094779 51.5436423)
6684424585,51.5433917,-0.9098757,1,,POINT (-0.9098757 51.5433917)
6706189514,51.5477104,-0.9205971,1,,POINT (-0.9205970999999999 51.5477104)
6706189515,51.5473856,-0.9188162,3,,POINT (-0.9188162 51.5473856)
6706189521,51.5469963,-0.9175785,1,,POINT (-0.9175785 51.5469963)
6707741410,51.5249812,-0.9040346,3,,POINT (-0.9040346 51.5249812)
6707741414,51.5239214,-0.9038531,1,,POINT (-0.9038531 51.5239214)
6710011729,51.5296503,-0.8954584,3,,POINT (-0.8954584 51.5296503)
6710011736,51.5292378,-0.8960864,1,,POINT (-0.8960863999999999 51.5292378)
6721899875,51.5379574,-0.908028,1,,POINT (-0.9080279999999999 51.5379574)
6721899878,51.5419192,-0.9022253,3,,POINT (-0.9022253 51.5419192)
6722802643,51.5258234,-0.9008294,3,,POINT (-0.9008294 51.5258234)
6722802648,51.5259791,-0.9001673,1,,POINT (-0.9001673 51.5259791)
6725981773,51.5472335,-0.9202711,3,,POINT (-0.9202711 51.5472335)
6725981777,51.5468454,-0.9203092,1,,POINT (-0.9203092 51.5468454)
6755729429,51.527696,-0.8951421,3,,POINT (-0.8951421000000001 51.527696)
6755729430,51.527261,-0.8948406,1,,POINT (-0.8948406 51.527261)
6765896110,51.5275282,-0.9254569,3,,POINT (-0.9254569 51.5275282)
6765896111,51.5278508,-0.925261,1,,POINT (-0.925261 51.5278508)
6768548090,51.5280758,-0.9157365,3,,POINT (-0.9157365 51.5280758)
6768548091,51.5275755,-0.9156555,1,,POINT (-0.9156555 51.5275755)
6801704775,51.5353199,-0.911852,1,,POINT (-0.911852 51.5353199)
6805520128,51.5292029,-0.8949568,3,,POINT (-0.8949568 51.5292029)
6805520129,51.5293404,-0.894627,1,,POINT (-0.894627 51.5293404)
6878471960,51.5292598,-0.894814,3,,POINT (-0.894814 51.5292598)
6878471964,51.5297637,-0.8944061,1,,POINT (-0.8944061 51.5297637)
6887984284,51.5484482,-0.9234487,1,,POINT (-0.9234487 51.5484482)
6888057090,51.5482455,-0.9229462,1,,POINT (-0.9229462 51.5482455)
6905344949,51.5289359,-0.8946522,3,,POINT (-0.8946522 51.5289359)
6905344950,51.5292157,-0.8939824,1,,POINT (-0.8939824 51.5292157)
6905344951,51.5289934,-0.894505,3,,POINT (-0.894505 51.5289934)
6905344952,51.528675,-0.8941422,1,,POINT (-0.8941422 51.528675)
6905344953,51.5281715,-0.8937926,1,,POINT (-0.8937926 51.5281715)
6905344954,51.5287334,-0.893666,1,,POINT (-0.893666 51.5287334)
6911186804,51.524138,-0.9003916,3,,POINT (-0.9003916 51.524138)
6911186805,51.5240019,-0.9012209,1,,POINT (-0.9012209 51.5240019)
6911243098,51.5471781,-0.9197328,3,,POINT (-0.9197328 51.5471781)
6911243111,51.546388,-0.9190025,1,,POINT (-0.9190025000000001 51.546388)
6911743011,51.5388117,-0.9086643,3,,POINT (-0.9086643 51.5388117)
6911743019,51.5378394,-0.909463,1,,POINT (-0.909463 51.5378394)
6911929808,51.5251349,-0.9229749,3,,POINT (-0.9229749 51.5251349)
6911929819,51.5246056,-0.9216736,1,,POINT (-0.9216736 51.5246056)
6912302038,51.5356109,-0.9156676,3,,POINT (-0.9156676 51.5356109)
6913204136,51.5506928,-0.9207195,3,,POINT (-0.9207195 51.5506928)
6913204137,51.5507251,-0.9206574,4,,POINT (-0.9206574 51.5507251)
6913204138,51.5509602,-0.9202192,3,,POINT (-0.9202192 51.5509602)
6913204142,51.5511198,-0.9201921,1,,POINT (-0.9201921 51.5511198)
6913204149,51.5515562,-0.919423,1,,POINT (-0.919423 51.5515562)
7138883053,51.5369448,-0.9015617,1,,POINT (-0.9015617 51.5369448)
7144835352,51.5290726,-0.8948081,3,,POINT (-0.8948081 51.5290726)
7144835353,51.5290221,-0.8949043,3,,POINT (-0.8949043 51.5290221)
7144835356,51.5286634,-0.8950603,1,,POINT (-0.8950603 51.5286634)
7144835358,51.5289386,-0.895383,1,,POINT (-0.895383 51.5289386)
7165407905,51.5298505,-0.8979332,3,,POINT (-0.8979332 51.5298505)
7165407908,51.5294116,-0.8975636,1,,POINT (-0.8975636 51.5294116)
7165407909,51.5300158,-0.8977139,3,,POINT (-0.8977139 51.5300158)
7165407910,51.5296863,-0.8971119,1,,POINT (-0.8971119 51.5296863)
7165407912,51.5302914,-0.897369,4,,POINT (-0.897369 51.5302914)
7165407923,51.5308792,-0.8977585,1,,POINT (-0.8977585 51.5308792)
7165407928,51.5303458,-0.8964033,3,,POINT (-0.8964033 51.5303458)
7174388217,51.5406594,-0.9106955,1,,POINT (-0.9106955 51.5406594)
7205205357,51.5455238,-0.9043623,3,,POINT (-0.9043623 51.5455238)
7205205359,51.5454261,-0.9045373,3,,POINT (-0.9045373 51.5454261)
7207538220,51.5356879,-0.904279,3,,POINT (-0.9042790000000001 51.5356879)
7207538221,51.5353542,-0.904081,1,,POINT (-0.904081 51.5353542)
7207538223,51.5354682,-0.9045018,1,,POINT (-0.9045018 51.5354682)
7207538230,51.5403559,-0.9035023,1,,POINT (-0.9035023 51.5403559)
7249056522,51.5271795,-0.9231135,3,,POINT (-0.9231135 51.5271795)
7249056526,51.5270465,-0.9230475,1,,POINT (-0.9230475 51.5270465)
7249056529,51.5271441,-0.9229657,1,,POINT (-0.9229657 51.5271441)
7249056530,51.5277895,-0.9231528,3,,POINT (-0.9231528 51.5277895)
7249056534,51.5274805,-0.9229877,1,,POINT (-0.9229877 51.5274805)
7321103296,51.525881,-0.900836,3,,POINT (-0.900836 51.525881)
7321103299,51.5258171,-0.9021204,1,,POINT (-0.9021204 51.5258171)
7321425781,51.5412015,-0.9177841,3,,POINT (-0.9177841 51.5412015)
7321453885,51.5405013,-0.9170648,1,,POINT (-0.9170648 51.5405013)
7324609061,51.5276018,-0.9233422,3,,POINT (-0.9233422 51.5276018)
7324609065,51.5278707,-0.9238985,1,,POINT (-0.9238985 51.5278707)
7324609066,51.5252522,-0.9218848,3,,POINT (-0.9218847999999999 51.5252522)
7324609067,51.5253841,-0.9205753,1,,POINT (-0.9205753 51.5253841)
7354965129,51.5292652,-0.8878403,3,,POINT (-0.8878403 51.5292652)
7354965138,51.5283742,-0.8870644,1,,POINT (-0.8870644 51.5283742)
7388516996,51.5452017,-0.9044794,1,,POINT (-0.9044794 51.5452017)
7550427718,51.5312318,-0.8995391,1,,POINT (-0.8995391 51.5312318)
7558302726,51.5360436,-0.9165226,3,,POINT (-0.9165226 51.5360436)
7643646105,51.5515906,-0.9219868,3,,POINT (-0.9219868 51.5515906)
7643646106,51.5516332,-0.9219422,4,,POINT (-0.9219422 51.5516332)
7643646116,51.5521393,-0.9223051,1,,POINT (-0.9223051 51.5521393)
7738385111,51.5371127,-0.9094609,3,,POINT (-0.9094609 51.5371127)
7738385112,51.5365233,-0.9095115,3,,POINT (-0.9095115 51.5365233)
7755568608,51.5372656,-0.9144468,3,,POINT (-0.9144468 51.5372656)
7755568610,51.5370389,-0.9153152,3,,POINT (-0.9153152 51.5370389)
7755568612,51.5369279,-0.9154888,3,,POINT (-0.9154888 51.5369279)
7755568619,51.5365794,-0.9156499,3,,POINT (-0.9156499 51.5365794)
7755568627,51.5365357,-0.9161237,3,,POINT (-0.9161237 51.5365357)
7755568637,51.5362799,-0.9166479,1,,POINT (-0.9166479 51.5362799)
7797181007,51.5351861,-0.9138296,3,,POINT (-0.9138296 51.5351861)
7803535616,51.5369204,-0.9144226,3,,POINT (-0.9144226 51.5369204)
7803535618,51.5366128,-0.9143699,1,,POINT (-0.9143699 51.5366128)
7841982810,51.5315713,-0.8966142,3,,POINT (-0.8966142 51.5315713)
7841982818,51.5311702,-0.8961315,3,,POINT (-0.8961315 51.5311702)
7861605866,51.5340302,-0.9012298,1,,POINT (-0.9012298 51.5340302)
7861605868,51.5339631,-0.9016399,3,,POINT (-0.9016399 51.5339631)
7861630711,51.534207,-0.9012309,1,,POINT (-0.9012308999999999 51.534207)
7861630733,51.5344179,-0.9018126,4,,POINT (-0.9018126 51.5344179)
7873314794,51.5395805,-0.9091553,1,,POINT (-0.9091553 51.5395805)
7873314798,51.5399369,-0.908226,3,,POINT (-0.908226 51.5399369)
7929932870,51.5265215,-0.8944582,1,,POINT (-0.8944582 51.5265215)
7929932872,51.5266238,-0.8936659,3,,POINT (-0.8936659 51.5266238)
7929932881,51.5278759,-0.8939157,1,,POINT (-0.8939157 51.5278759)
7929932882,51.5283167,-0.8957328,3,,POINT (-0.8957328 51.5283167)
7929932883,51.527792,-0.8952504,1,,POINT (-0.8952504 51.527792)
7929942987,51.5281118,-0.8941173,1,,POINT (-0.8941173 51.5281118)
7929942988,51.5286784,-0.8947817,3,,POINT (-0.8947817 51.5286784)
7930546571,51.5373239,-0.9095325,3,,POINT (-0.9095325 51.5373239)
7930546573,51.5377369,-0.9095672,1,,POINT (-0.9095672 51.5377369)
7930546574,51.5388139,-0.9083151,3,,POINT (-0.9083151 51.5388139)
7930546575,51.5384339,-0.9083105,1,,POINT (-0.9083105 51.5384339)
7930546576,51.5406128,-0.9088862,3,,POINT (-0.9088862 51.5406128)
7930546583,51.5407878,-0.9102247,1,,POINT (-0.9102247 51.5407878)
7930546584,51.5419196,-0.9118258,3,,POINT (-0.9118258 51.5419196)
7930610991,51.5414784,-0.9118856,1,,POINT (-0.9118856 51.5414784)
7947513185,51.535744,-0.915999,1,,POINT (-0.915999 51.535744)
7947513186,51.5367097,-0.9147727,3,,POINT (-0.9147727 51.5367097)
7947513194,51.5362133,-0.9146279,1,,POINT (-0.9146279 51.5362133)
7958502552,51.5321774,-0.9014296,3,,POINT (-0.9014296000000001 51.5321774)
7958502554,51.5323159,-0.9009765,2,,POINT (-0.9009765 51.5323159)
7958502560,51.5322525,-0.9011836,3,,POINT (-0.9011836 51.5322525)
7958502561,51.5302925,-0.901919,3,,POINT (-0.901919 51.5302925)
7958502563,51.5299556,-0.9015387,1,,POINT (-0.9015387 51.5299556)
7958808848,51.5309134,-0.8980662,3,,POINT (-0.8980662 51.5309134)
7958808849,51.5308329,-0.8982229,3,,POINT (-0.8982229 51.5308329)
7958808854,51.5308253,-0.8985252,3,,POINT (-0.8985252 51.5308253)
7958808855,51.5305482,-0.8981244,3,,POINT (-0.8981244 51.5305482)
7958808856,51.5312935,-0.8982344,3,,POINT (-0.8982344 51.5312935)
7958808857,51.5310291,-0.8979399,1,,POINT (-0.8979399 51.5310291)
7958808858,51.5305282,-0.8959746,3,,POINT (-0.8959746 51.5305282)
7958808859,51.5304324,-0.8958776,3,,POINT (-0.8958776000000001 51.5304324)
7958808860,51.530161,-0.8961045,3,,POINT (-0.8961045 51.530161)
7958808862,51.5303398,-0.8960654,1,,POINT (-0.8960654 51.5303398)
7958808864,51.5304735,-0.895338,1,,POINT (-0.895338 51.5304735)
7958808865,51.5306122,-0.8954033,1,,POINT (-0.8954033 51.5306122)
8024114076,51.5416391,-0.904322,1,,POINT (-0.904322 51.5416391)
8114512099,51.5401751,-0.9182634,4,,POINT (-0.9182634 51.5401751)
8114512101,51.5399834,-0.9184725,3,,POINT (-0.9184725 51.5399834)
8114512102,51.5400725,-0.9187066,1,,POINT (-0.9187066 51.5400725)
8154291336,51.5272129,-0.9217423,1,,POINT (-0.9217423 51.5272129)
8154291337,51.527261,-0.9211939,3,,POINT (-0.9211939 51.527261)
8193457770,51.5362715,-0.9077319,1,,POINT (-0.9077319 51.5362715)
8193675695,51.544837,-0.9134143,1,,POINT (-0.9134143 51.544837)
8193675699,51.5449311,-0.9126022,4,,POINT (-0.9126022 51.5449311)
8193675700,51.545016,-0.9124298,3,,POINT (-0.9124298 51.545016)
8193683423,51.5451765,-0.9047387,1,,POINT (-0.9047387 51.5451765)
8230572896,51.5475557,-0.917533,1,,POINT (-0.917533 51.5475557)
8230572897,51.5478268,-0.9169562,3,,POINT (-0.9169562 51.5478268)
8247494940,51.5293364,-0.9221911,3,,POINT (-0.9221911 51.5293364)
8247494943,51.5296117,-0.9214615,1,,POINT (-0.9214615 51.5296117)
8283653722,51.5267433,-0.8960852,3,,POINT (-0.8960852 51.5267433)
8283653726,51.5273164,-0.8961231,1,,POINT (-0.8961231 51.5273164)
8283653727,51.526711,-0.8962532,1,,POINT (-0.8962532 51.526711)
8284930160,51.5268937,-0.8973131,3,,POINT (-0.8973131 51.5268937)
8284930163,51.5270561,-0.8978908,3,,POINT (-0.8978908 51.5270561)
8284930164,51.5272057,-0.8979696,1,,POINT (-0.8979696 51.5272057)
8284930165,51.5269589,-0.8978424,3,,POINT (-0.8978424 51.5269589)
8284930167,51.5269305,-0.8978756,1,,POINT (-0.8978756 51.5269305)
8284930168,51.5269709,-0.8977747,3,,POINT (-0.8977747 51.5269709)
8284930169,51.5269512,-0.8977636,1,,POINT (-0.8977636 51.5269512)
8284930172,51.5271006,-0.8974677,3,,POINT (-0.8974677 51.5271006)
8284930173,51.5271248,-0.8975965,3,,POINT (-0.8975965 51.5271248)
8284930174,51.5272352,-0.897658,1,,POINT (-0.897658 51.5272352)
8284930175,51.527024,-0.8978748,3,,POINT (-0.8978748 51.527024)
8284930176,51.5270045,-0.8979616,1,,POINT (-0.8979616 51.5270045)
8284934647,51.527001,-0.8977312,3,,POINT (-0.8977312 51.527001)
8284934648,51.5268338,-0.8975973,3,,POINT (-0.8975973 51.5268338)
8299389139,51.5473716,-0.9214904,3,,POINT (-0.9214904 51.5473716)
8299389145,51.547838,-0.9216599,1,,POINT (-0.9216599 51.547838)
8299471476,51.5277638,-0.9211143,3,,POINT (-0.9211143000000001 51.5277638)
8299471480,51.5276563,-0.9216323,1,,POINT (-0.9216323 51.5276563)
8299937105,51.5329665,-0.898836,1,,POINT (-0.898836 51.5329665)
8318581519,51.5428618,-0.9107262,1,,POINT (-0.9107262 51.5428618)
8378611063,51.5371089,-0.914137,3,,POINT (-0.914137 51.5371089)
8378611064,51.5363713,-0.9154707,3,,POINT (-0.9154707 51.5363713)
8378973012,51.5372734,-0.9144427,3,,POINT (-0.9144427000000001 51.5372734)
8378996217,51.5374364,-0.9151033,3,,POINT (-0.9151033 51.5374364)
8378996233,51.5370235,-0.9153461,3,,POINT (-0.9153461000000001 51.5370235)
8378996236,51.5370241,-0.9150114,1,,POINT (-0.9150114 51.5370241)
8415006367,51.5261035,-0.9318652,3,,POINT (-0.9318651999999999 51.5261035)
8415006374,51.5260281,-0.9307882,1,,POINT (-0.9307882 51.5260281)
8415006380,51.5260313,-0.9313019,3,,POINT (-0.9313019 51.5260313)
8415006381,51.5261222,-0.9327147,3,,POINT (-0.9327147 51.5261222)
8415006382,51.5261712,-0.9334041,1,,POINT (-0.9334041 51.5261712)
8415006389,51.5256701,-0.9335769,1,,POINT (-0.9335769 51.5256701)
8461682305,51.5417587,-0.9019812,1,,POINT (-0.9019812 51.5417587)
8474568899,51.5361852,-0.914293,1,,POINT (-0.914293 51.5361852)
8474702051,51.5321284,-0.9094549,3,,POINT (-0.9094549 51.5321284)
8474702058,51.5320378,-0.9087897,1,,POINT (-0.9087897 51.5320378)
8474725386,51.5391397,-0.9174968,1,,POINT (-0.9174968 51.5391397)
8474725397,51.5402765,-0.9177061,1,,POINT (-0.9177061 51.5402765)
